$\delta_L$,$\gamma_L$,$n_y$,$\theta_L$,$\eta_x$,$\omega_x$,$m_x$,$\delta_x$,$\gamma_x$,$\theta_x$,$\rho_x$
0.38094280060423,1.5909055490825619,1.0017995214805535,0.3556240008698651,0.3790277181603973,944.3391766112198,1.4432182199448718,0.02302594869069363,0.10740966476110642,0.18154098500672924,3.1931536613419547
0.25253188964322615,0.30251570034386444,2.0879249895149585,0.10589354920800695,0.3293166778619323,915.0900103699231,1.6283241416981313,0.02161232903770951,0.33895035444013555,0.14473133244852576,4.095548461157067
0.15049387261030092,0.16342675682566393,2.7201572874049087,0.11938847920714149,0.21051112497612823,643.1101814011488,2.3010064827698127,0.016677986596558527,0.6508830219821752,0.38715125368283854,5.11149542392934
0.4731455362627776,1.1094299051877277,2.1314963228763135,0.09877517032909236,0.27436448398333785,127.29389881058182,2.563518456316403,0.0217860537194143,0.8233863976243327,0.18623093613091382,4.732010687633401
0.3984864789771798,0.24052722581464075,2.6535491924140278,0.1428566483006295,0.23911444259353254,475.2028283910705,1.908986229941358,0.015486032891515074,0.22525776470521805,0.06626013533945421,9.949132138198461
0.46360335709820477,0.24889946316035538,1.493709614184519,0.3996097941505895,0.38901070527528425,851.2011488673581,2.2223333932865197,0.010416410263727735,0.3251550647095283,0.2065703668977153,2.942422736014896
0.17088584353064548,1.3027184315972864,1.105389069403371,0.25750807873540893,0.4609183521417102,649.4899460994881,1.3054149014595309,0.017256663361307337,0.823629077198017,0.19520649025393644,5.766829132777775
0.25151802877612744,0.5779839799208287,1.4421089545278523,0.19595423625204855,0.23765578293097397,147.05286991550292,1.8863708906338152,0.02153013027219619,0.4902225834081079,0.3128431871946557,3.771609318985832
0.2614989708122704,0.4722087382969311,2.480247986368079,0.16843887669372185,0.47572530930144985,24.02557230919774,2.4583858974474575,0.019198039149022864,0.15284908712406747,0.34432950173573673,8.147819485213478
0.33954088658197124,0.1485675793576316,1.7100689520511145,0.09690629376447965,0.3621820716511218,935.6891018877407,1.401313424886002,0.015761124819465795,1.485142529828772,0.19622536195736545,1.1184296004636893
0.19409278958150392,0.042705953160499466,1.723960472229079,0.05628877833425422,0.5050908674932958,417.4863761967341,1.3530082801926877,0.02603010094033678,0.6443253756849678,0.09254231245690081,5.5907741247250105
0.14702051869741684,0.6525035027744616,1.7720091175528858,0.23754222328517782,0.41923855984700675,611.362569627349,1.009011851491987,0.019457875412325305,0.6427458054991702,0.23928904607259804,1.1116962457700685
0.06131303855186186,0.9430172791568499,1.6842674269551878,0.09300729094893528,0.3097061405427878,459.24197154520425,1.1933682029026047,0.010236841948370108,0.5799099506972929,0.24849188997849125,7.093784151745685
0.2529946365403008,0.8613112261973468,2.1655783766404215,0.2192618689272553,0.3884435482680493,477.71095478301197,1.2495413401170046,0.012532363738046256,1.4117345964047612,0.178638825749288,4.56408249311148
0.1373545165620983,0.6413464095457384,2.0122790147044074,0.019954737907650538,0.3528892340621797,874.0213958065534,1.3385001040225906,0.029636410213802398,0.973293892464575,0.2069549392784134,5.1325398025804025
0.35778605080652603,1.1956069320380538,1.300694363061551,0.2449298805155425,0.5083208549681296,127.49866530396758,1.7544378820539552,0.02146823370844869,0.5082492020678444,0.15504817224806852,5.059658554931233
0.5146702501650998,0.7309111279125128,1.8248848775516555,0.11060450072383306,0.36428448569672095,125.15076417586141,2.4781006424381946,0.024780429751019704,0.613881149875388,0.2496935365957275,1.5045340712617956
0.3506559108944015,1.0515797533283373,2.0267481767640025,0.2720625602142386,0.6143822188330785,471.9112640972025,1.470043946890479,0.028071665419711116,0.7561491613433016,0.25512639126221737,1.6726972590223523
0.24790546161956026,1.739096763863086,1.3184852050762945,0.4150700315521583,0.36577312627705927,465.04757891978534,2.069070176518144,0.019172891834734668,0.20008332881854574,0.5805983471954761,1.1642777005896825
0.4805805122361675,0.14918583313544614,1.901693203987165,0.20670163991321103,0.17250908983497526,673.1411749253159,2.854837482478729,0.010702270939314761,0.17327152610661217,0.3637878767796622,0.9913322455088753
0.3054014858038053,1.2405076899664376,1.6737680895594957,0.15930749215870027,0.25329538815214814,734.0264667427459,1.7964985669510518,0.02321746990204668,1.193914839571523,0.11812772515050717,4.406885527460432
0.3078167073645234,3.0844936626116177,1.299107183503908,0.4765466868059385,0.4536624106075956,764.1349487158228,1.2136014138149795,0.02077056914722435,0.3620936553129389,0.15405814483453423,5.051533852663491
0.5129737482933959,0.30236266755281915,1.7871120152048956,0.07790780216927254,0.44526459811143315,252.98767213072767,2.5368951997499276,0.019853265073306606,1.4166707883463476,0.22476443530481746,2.110416201789894
0.23137662016761268,0.2953757605148308,1.6656174058459705,0.06171577401153781,0.6889988690279414,472.3263413585314,1.2956035679600504,0.034540350286392026,0.38775749802530596,0.10615413777830064,1.8525065981030306
0.16394281019163762,0.6978273986770861,2.577423468634612,0.2214980468103598,0.6236641801945353,834.1248048161651,2.114707636148482,0.018958409520916115,0.30001838278951465,0.27076553383725643,5.852754635499402
0.1508536201092608,1.9168067316099648,2.218095889827148,0.19524491349474624,0.1956234312141287,709.2775227016859,1.3935694343045717,0.010987298040129042,1.8465860195956894,0.4449915851373899,3.8048888578510818
0.15742351761178,2.223557056372825,2.4154557489338346,0.30548358933138675,0.2283405098669197,698.3685651279427,1.1334474559752756,0.011720404745097762,0.2347909361785676,0.3396188558934473,6.544432711225074
0.3960338924388519,0.5630001041113185,2.9720387041039578,0.13139708916861365,0.25268661459168557,17.867809428610713,2.504679677948321,0.019282018426539767,0.3739965121207113,0.27747443384293824,9.553593771385085
0.20382595128717929,2.4135802756301783,2.35387677929376,0.18839412819995996,0.2999904431191045,111.28417398561379,1.9129894830011418,0.02419567017933054,0.33901469445332816,0.4120013499209565,9.553028345545115
0.8609619432634519,0.9639786268159181,2.4435780930619844,0.18548441337626853,0.3461489902260178,613.4962195337299,4.101551817962744,0.02835413552060665,0.03203420562077497,0.137041423595708,4.635465072085095
0.3822321713733672,0.7813605527966927,2.7997705858101085,0.34282342020830336,0.292541370488211,351.59409059577035,2.8365559138856606,0.013534369164216332,0.9785703413664881,0.39170786258204926,2.498303062866586
0.3627612635592522,0.6079055938773098,1.7165040024535985,0.1557682309346069,0.38898333671181506,188.4676919638253,2.466042782770075,0.01492894807845688,0.956449510836453,0.21743250966386388,6.5658922576780165
0.6424917682299516,0.35720817622807266,1.7501264292716536,0.3092150070787387,0.41116760760655174,460.77788386445644,2.2715068786126884,0.023998146976169275,0.32068276775771576,0.058295464807626735,2.7861509275348313
0.10165207545502863,1.360446562782979,1.1304655068565737,0.10590265539602535,0.319925270911396,546.6334915869637,1.7018981160815099,0.016003722631865613,0.6230234114097534,0.41643975508267544,5.424057794666648
0.3706657867610292,0.6358787157775342,2.549136109762749,0.21701412423177413,0.3757122574583126,594.5294337433226,1.646406870281817,0.029170746997380762,0.16518738527878024,0.11963802427352906,2.515477537463518
0.8411436443669963,0.47729840781115973,1.7133267797417637,0.29216059624290175,0.5486264455870313,232.047940272946,3.4332781534882004,0.01836463596511881,0.5109406500885412,0.11321782764181909,4.382646462380016
0.31115365525964617,0.06017557866360701,3.2935637930872463,0.12937763298277744,0.40491570955493766,334.9637762815048,2.09749397290213,0.024385643205378223,0.2039967737376363,0.2304781405717443,9.562688419946596
0.4061925858456002,0.017782524747807282,1.5014076072747902,0.18278961868368873,0.6130258426095558,597.9871783982103,1.7824200256546154,0.017243115930164147,0.5136802848470949,0.020051734728140452,3.5475309501048935
0.30376179544580556,0.22949983738219992,3.008050394533318,0.2166279835467787,0.4414304570432285,10.725670796861777,2.3356566878814546,0.01661586943483697,0.23925440813771315,0.3733227408383022,5.10124240011354
0.6798454847760834,0.5628699272832465,2.0664264768242804,0.17847934464401732,0.6508962907913571,401.2838578091088,2.564616914843792,0.028403409537399782,0.588038975136987,0.04494318826560814,3.959301280164495
0.07422539111121534,0.7149817035633024,2.5099601551265467,0.16247931215726927,0.6890782525070729,100.36019137385188,2.0047203825913917,0.010201321239888091,1.7658833516799222,0.5039884061784412,6.079254522168304
0.2165464079531336,1.092620199821949,2.4593113753265143,0.3162300535285205,0.32065378339412226,655.753315877681,1.9651258929238065,0.013317831273745435,0.26257839234451946,0.2730542790196439,6.462219151547297
0.44429991034975824,0.6810540264518904,1.9122579591126911,0.0723495969141382,1.2137790093477512,18.026710780800784,2.4158019496939183,0.020710901428947322,0.8151789825970955,0.30172940116108554,6.058264434555419
0.5377215943352189,0.7972029931996114,2.128256722651083,0.473388411727387,0.4902084052598447,267.1339045162737,2.6158253947651477,0.029609928457143768,0.5617189059891049,0.17943059931860084,2.756930009947032
0.41201517534211507,1.4995787706479557,1.6426198434967145,0.2911845527414677,0.41119268656721225,73.5591040289674,3.378439454697246,0.012409104438130451,1.2687772689400327,0.5169911948354653,5.871127583156111
0.09061370660176393,1.821486960896025,1.167157655737023,0.371723867941148,0.45880722551923664,367.79158261605437,1.7855804543390326,0.012873629114091031,1.1556598425868763,0.5744903828981369,5.45123641029398
0.39143401523049837,1.4180984240927965,1.047229155744201,0.4112226445569783,1.116154687946923,717.4251349317477,1.950724188581674,0.01688173161658394,0.9731351097161065,0.11476223666691088,4.6786710602677966
0.10031669964112339,1.6659049791589928,1.609677631658728,0.08262100373908426,0.46781703077137665,62.43505608279935,1.6272921913821878,0.028149694198425362,2.439552812907981,0.3307107393509962,5.7401825538442495
0.5848877720894824,0.6404119104515023,1.8441597195492017,0.27411806633730035,0.24627507429012604,125.48871203317617,1.905119639323205,0.01564737793276458,0.545293185702834,0.11850180453704551,8.219275481323098
0.4805710222535686,0.7308943915534104,2.4679311792393337,0.5584395784740814,0.8329396764155257,85.56641227981407,1.1623992605185287,0.01947216351722825,0.6147236842590198,0.04900243913285862,4.770913693409686
0.2706016202082575,0.23866453959847278,2.7329594109099795,0.1900281797713575,0.5109521613869166,145.96179946507823,2.705344210955522,0.012144697704807968,0.8470617140172907,0.32011103020315207,7.0678903665697845
0.14258983217011076,2.4625497610996643,1.855813360658683,0.3814265669417982,0.6196582442954366,492.97024803298973,1.7397569661407974,0.010174910902837885,0.16323181342821486,0.5294929401416633,0.738505223617949
0.7430051157795425,1.037347974412155,2.1910105833667535,0.29398404521285465,0.41227519476210456,430.1921101066589,4.223837912794689,0.01203946074865315,0.5185679599367324,0.616328052232581,0.11157737469252904
0.20469391650905763,0.6219539700659018,4.618604496926855,0.05232425882578376,0.3846745693987113,157.97255271303135,2.374474901311358,0.03080360371884158,0.7889033427860891,0.5517952065413627,8.333844235883602
0.5969620595488813,2.9751617440206486,1.3693733995191024,0.45571500653091246,0.34621979834818073,544.7518905391455,1.680391417741628,0.010604889610580153,0.3137103405668131,0.14914788995368905,5.289977141100906
0.6955343436386081,0.6294113097660581,1.356941025666671,0.19193514258765287,0.49453047780265347,450.9660705378509,2.7778045634540725,0.022406408428157394,0.16652532011914112,0.09804795665085939,2.4918293186565545
0.11639431855268781,1.7157124244469295,1.519860308594462,0.3151948990821055,0.5503563848031613,284.7908254848236,1.131179376583893,0.025562140022200308,1.6143934897498329,0.49303014595043315,1.0417220831022203
0.5565836767027668,1.9517524396932378,2.4850745291463228,0.22584549928465703,0.2987825431124024,139.33678736914487,3.268602679674852,0.020740893522226984,3.3271498164563127,0.63072013488871,4.255353479789894
0.17463641479064743,4.845708945037648,3.3220515067994123,0.8671102611774262,0.3265224078606942,734.4697130637317,1.6834117193978486,0.017212249599189856,0.31769024103304183,0.3070893614918812,9.689428183681716
0.5595316060927183,2.9225244382303344,1.4923555170459224,0.16131581299276088,0.8686054919597951,101.94465577112351,1.6426443292074304,0.0330138964694357,1.6744717142793155,0.10435976083821882,4.1753699593282425
0.4102075942888351,0.9194754966095798,2.5697853362548906,0.13472583810040656,0.24872583720473432,296.7635177725727,1.7771311631114697,0.019792665857040682,0.15167114570449114,0.4216627214801051,4.549298575619258
0.5781954901444148,1.6975086566388644,1.123654037197685,0.2814993433606384,0.4877704158135665,619.3262100756764,2.0609429577702616,0.029685154582818805,0.055990103868715946,0.05421910747561387,0.43284931737085763
0.08465071200670593,1.5051298359456406,1.9237902224343062,0.2385872631889712,0.9680372400408528,558.4449828859995,1.0198729329927745,0.0245407810217386,0.6362953916488389,0.3224117816731112,7.769341674834849
0.2594021611577488,0.01939287109128318,1.9006911644919269,0.14386445293831374,0.40493072299654165,96.01018106087065,2.495260435756911,0.01656731217056017,0.7380413866341368,0.16781804084642055,3.4180161128227966
0.40591860290941856,0.7490060271894948,2.5826719867617856,0.3232886832930864,0.2352987921885357,564.0544424773519,2.0501702839897833,0.010755315318840818,0.1290227486084038,0.4334418404647178,1.5699019124592408
0.1430744130556602,1.932661687570067,1.4962980007395095,0.13604505001891967,0.6502832695702163,483.81352623410487,1.1785853983664656,0.02851099084887312,0.8473480981212417,0.36455219700653335,6.948322383613352
0.41006891551182384,0.35613705391808426,2.60894348111617,0.19524612029488703,0.6619158831350334,17.492856053867797,3.0559852456209873,0.012953814157382918,1.255173570991119,0.310028773890214,4.811263614548073
0.2640160013897584,0.17686984771172842,1.74892138296284,0.17636434108671237,0.4486592510165287,356.09756828985746,1.421797371326655,0.024925384958138355,1.0440134050398353,0.12588801712545653,8.458800307150941
1.1248156510064171,2.1110170807605657,2.969535998450679,0.49404975496276393,0.6134078335763371,408.89716234980904,3.305315782447679,0.013235612578969047,1.2112544952719315,0.09558829500266244,2.2569691888939136
0.45697975235331867,0.9960115070372964,2.6144572495121032,0.45161271964418354,0.5449689893044831,512.8797616925016,2.5191188573855623,0.02187948561144374,0.7948625019279253,0.27157548388810687,3.571669810055366
0.5910930361710747,1.4335401198297353,2.6629579572375013,0.3768122080231236,0.21266354876058013,391.3554751528493,2.553759244282719,0.021032337993385067,0.3601621644059577,0.3882874318091193,7.387081028446085
0.5906894636279043,0.7232632550342081,2.111140960482699,0.09863821780156287,0.527166011520313,170.69831747214096,3.3187128062161295,0.026737225431482742,2.3125762317338054,0.8666726758787637,2.9363935988471126
0.4314017278047067,1.719384647298457,1.5708532995793554,0.14448515064862893,0.6942119237948509,34.23822143608601,2.549002379696418,0.015540180449449255,0.4779637779815244,0.5558248758279526,2.8188472836604417
0.5114912091717501,6.07743357472029,3.5055431198007634,0.9119400503729173,0.23533731649013118,834.7838402627748,2.5152556736728324,0.019801048239812772,2.26320194038256,0.5983195432140895,3.0115126332003954
0.7435648422762651,0.6528242948376954,2.6515475146461993,0.3402639359016978,0.2909897413420684,45.372384158971784,2.3703307361560872,0.012504564094047004,1.198920513170831,0.06379608407279899,3.6349631597136276
0.09799659765867164,3.9948962753571253,3.9256111526889015,0.7804971915633785,0.5017623534591827,573.4737365247702,1.303605200091492,0.02355208266388284,0.7381736038916213,0.4386283441545684,9.744061999861582
0.4389947814993534,2.114307602161465,4.314420122259381,0.17093896884819543,0.7121475277245168,702.1664923562728,2.094838251362657,0.02467510653215481,0.7901758057828758,0.15149680709605579,8.05229390411719
0.29335584227278194,1.3261068814601604,4.343476699118704,0.25903097374303896,0.27625082414484836,290.16315549872445,2.587554197670624,0.018733175958591135,0.15661980460853453,0.5171250866727048,9.459549136350681
0.560322363042264,0.150964074526849,4.1890247922965305,0.17980512170401852,0.8884494822619224,592.842362136221,3.469033457180992,0.019909153723915777,1.4168361480417135,0.36736285459571305,3.8271675033429773
0.09962186837723386,0.2896583183482373,2.30145389213349,0.22280283665905654,0.5128512160011933,294.84030353967665,1.2413973935144507,0.018355051840192555,2.1486590344838077,0.42175069770821655,4.281696970292203
0.3682466193927183,0.9564291432364422,2.20919774877877,0.07743111104633912,1.0434392905693541,502.26521918491756,1.2643088483766758,0.03620661444677585,0.34887891451800723,0.40568996948681196,9.176124440584196
0.6071776293375966,0.703850703440174,2.6255583429297795,0.5511671855890603,1.096124726925895,148.3473597126979,3.558478161144999,0.024170211100577117,1.0580091506654208,0.04834013645281049,1.0027427444909294
0.5711993943764926,2.8148182630868863,3.4982026389835106,0.4233469719333527,0.42543081350129475,188.9042455435677,3.9797835703463704,0.01492066892842276,1.9968025788697923,0.5815548361105813,7.391302232256022
1.053156965021114,4.00359998096685,2.4095148479340764,0.6658576138490608,0.3309098767005917,569.4751534661982,3.538926439419564,0.028060672659373266,1.625212563383857,0.18643342682402403,0.5188045964691597
0.7135589057606837,5.905909410851583,2.867689316883611,0.6110823681696985,0.37406462616392777,335.75225533739217,3.7677074022633006,0.03699634302551479,0.9021392163153181,0.46837598938347014,6.584170753576744
0.28411047637379405,3.1466443598291436,3.2196506319474847,0.4326454256767779,0.6482617176455681,705.4122695702249,1.2892435293092888,0.05166586736244354,1.6880164607390524,0.37558386457893195,2.8255100536645212
0.37733382868118337,1.1488326409168093,2.6091525374827365,0.44630229871563665,1.3789490478616429,393.95197369809785,1.9574815748079657,0.020098249444213033,0.34054888116397075,0.5371665823310141,1.0826456156426656
1.0914972007012178,4.250253062964145,3.154803539670712,0.2693851435019878,0.40284891280445456,673.9632461926955,2.257802854342229,0.03129730131513996,1.9602144730550317,0.40342371101010643,7.600643328639911
0.6700827363835592,4.220686082232027,4.132093951858408,0.8131177170609062,0.5025299004227644,754.4658117157669,3.1266193429695934,0.02111179979156064,1.0813029108489436,0.8626049655674908,3.346625742620552
0.965008123015906,4.535084602292448,3.571086456623177,0.044190278300448305,0.5874943967449953,513.5937386138743,4.199119836468392,0.03168330838577519,3.439460395899925,0.9377817081525066,9.37707576565666
0.09414044731126459,0.03424141898040389,2.7679494730171004,0.07594373536933208,1.1087101480359718,559.0916093608002,2.0315050582340763,0.02160486083353605,0.36278672182565663,0.7869085819170627,7.009868646478999
0.4142735086124102,2.1576317306516404,4.366092273817989,0.30851646397050914,0.3649369949296184,627.6477167548355,2.1114877941387467,0.03240817503674803,1.6658227800661471,0.020908569329383897,4.385274774967906
0.4652829951147761,4.1630306379768305,2.954880657099556,0.756649592338853,0.4112119092094215,416.83502144794954,2.9964895315584905,0.028168791092588897,3.111849383697267,0.641675966281918,2.393545816363372
0.13415848728976004,1.2972943746993995,1.3662243109338221,0.7124893914429629,1.4967187883163182,33.92557161158567,1.5463310393225775,0.018304044190823796,0.03576169962386366,0.7110327064397299,4.8089395218584325
0.419956358500289,1.3330434506097888,3.5816809470292488,0.313907554653537,0.5257413449222426,578.1060982136186,3.143112365395778,0.03490505724986791,0.6769560085970557,0.9786017328924957,4.0817499750166295
0.3351203954661823,1.0399890008790529,3.888407177309855,0.03258840148390196,0.2593475041295715,45.59348002689643,3.8017388673660797,0.018903980226377178,1.0478838391604586,0.15624567440183745,8.302070099537362
0.4599624695400841,2.633627284284937,2.1239512807871783,0.4372549954763744,0.24652844285540226,68.23062083986258,1.5864599927545986,0.023984272148031623,2.8552479950490715,0.7054141150075792,2.562383532630618
0.8213349301042754,2.6469546103818633,4.1628551428980565,0.4218924006709837,0.38207927711001055,394.6180875252864,3.6652028485585184,0.01155577235260887,3.195693625490351,0.9899260416405373,4.571269335274208
1.3262713126996113,2.0791329190120607,1.801393023246895,0.2359752266471893,0.6405675137905553,62.67150898780943,4.494731217937927,0.018878928749900166,1.0805753792212285,0.4078898497249075,4.4949553724384295
1.1065625476660417,1.077124479554508,2.7459839230236716,0.07560884006042895,1.4104350455213548,759.4774928286233,2.0818041719733844,0.029326371554056076,0.09703718595330102,0.2863282684472118,2.3356196263200095
0.4011710778398849,0.09579003346249593,4.393355398175869,0.3615306270882628,1.6067152668667917,826.0909037610124,1.6979201375856587,0.0279401692673833,0.9803586010319589,0.2307447020096724,8.926732374988953
1.3369376779626267,6.577084613256018,3.1946633646974494,0.7091329002646471,0.2586482721476424,946.077106390931,3.9821008902637867,0.016758300109449994,1.2350956458268596,0.5250273296144092,6.668102283105437
0.9986350125503823,5.390613388414117,3.2113282692189116,0.6929924235241696,0.45314118320596203,819.9223153683248,2.547432925488872,0.02570470512706284,2.0475760062694652,0.9764845170330334,5.183080299008784
0.4689796919451039,0.4223236927898224,4.41414145667005,0.18301457549022712,0.7159199402675784,583.3368756801292,1.6200066415432657,0.021045633850834477,0.6060753313960645,0.6749618095925921,7.920699195709597
0.9862634999105333,0.3864410072030875,3.92864242091857,0.23895922680431905,0.9198644906682363,215.7010885768246,4.8606227224616765,0.01842966572640747,0.1499987899789612,0.17375394180055131,4.145494579679442
0.6799780086319106,4.291041639927785,3.430748208705154,0.8098472744096911,0.6757701298643067,939.1223009968203,1.8576124441469335,0.01714581366725769,1.1731699902947896,0.5860580932643081,8.030031591445141
0.5417378464219534,2.9793762099806846,2.204842709735757,0.2368649535713203,1.2271180254954355,884.9815164152822,1.4719837160109506,0.039895262803018916,0.3208667074428371,0.4077984523396901,5.0612015277841165
0.48068324037153487,6.128004831635428,2.699471575904409,1.7143427686979706,0.4720407588277526,536.5400219733358,1.6061980666130653,0.021977031632852213,3.310351102252514,1.2986508450604979,0.37996134399414405
0.24028825898412187,1.0112000396428364,3.8368406007782214,0.5104333342949516,1.3434576357284045,383.84571573566416,2.088359707786598,0.020381225936636188,0.511788346494686,0.8980890804784669,9.81636228183896
0.9498801255541407,2.3077162482376177,4.989421334830861,0.6464742810336686,0.73232695490326,460.9025011932247,3.5491287073035265,0.028665900055776614,1.7152854968949658,0.45258494620675493,2.8677944215465803
1.322212486393287,4.2618179151923785,3.2353255968860783,0.16877321123649833,0.6848664968505773,878.851844859412,2.2085757065271485,0.02034891996002286,2.8904451341511432,0.7902439840649839,5.119720598637933
0.8647949456725474,2.5914238210320852,3.298720937875826,0.6622855073239899,0.7313387905284743,299.6856700021184,3.99343335002083,0.024584348322231095,2.7697108827709815,1.4767733585283669,6.418987824165641
0.2188508728647659,1.0770437772879073,1.7791564840617886,0.38881907685604467,1.303877139443892,379.6168481871811,1.195950216074973,0.030499033023347482,0.3103464989731368,0.8928382006836995,4.3219736774052535
1.3976826749880278,5.755377241408267,3.5869445720501676,0.8978495419447916,0.6616391297329745,899.1327695333651,3.2870300391259715,0.020215818994135708,3.3932409066982925,1.3781108296626834,8.856513711068212
0.9368518555367132,0.013747510747696534,2.783481156683442,0.17796575039868398,1.63451107466258,377.8865641698982,4.3597534742628445,0.03427984512246694,0.9327849123535402,1.3255610573383871,4.373456768900189
0.9672700924201371,2.529791207733309,4.987479758961598,0.40198455924813054,0.306452740952853,778.1562359275397,1.7436597118298518,0.018035850222340603,3.048549979914687,0.5274761332879067,3.359615998492598
1.4633623033739194,6.477145322129884,3.8575390104217213,0.813964223490669,0.6770411619281252,995.7238989628947,3.0637945106537274,0.03702267315555636,2.7308804760121133,0.551948082459558,5.006686427646097
0.9280292420835443,4.2178984947109965,1.7773663240159363,0.7189476754051185,0.43502405398525285,100.43423757562385,3.9678638128645156,0.01807386953535537,3.993465410443178,0.944474907146112,4.155881419670828
0.09041956291228659,3.976753730721037,3.8031130097569124,0.5919759857347301,0.5211480454071307,924.8389953701367,2.7991274752079947,0.028654234661618913,1.308940844340385,1.2057767325630175,8.633818319512326
0.9593113507197204,2.7249684117832635,3.14907742831858,0.417259860471438,0.47415422618688896,369.0684860241279,4.4435989130813764,0.02326624042759085,0.5350462794049549,0.6503594181760283,1.6289348128431858
1.2270225758098992,4.346123958853917,4.681327491211249,0.5366210312561952,0.6224576847561578,808.1415670628697,4.323045343160439,0.016751183843423226,1.093775198780852,0.05750128955239775,8.02216173459726
0.6771560640030524,2.327249240278486,1.041197127838629,0.8835313560664539,1.4095777412364798,9.528064678135877,2.745349313882801,0.02253825432508133,1.601124499143566,0.014338457526748338,1.5901599807518156
0.2606691553491225,1.589857879972327,2.9235989103747593,0.7285668890270245,0.9153318912564558,275.17385422445847,1.451716395486951,0.02916679698203611,1.6316781964370972,0.2922537439284164,4.658147661849298
0.9652032546653861,7.4859635225545365,4.8863038443313185,0.6316350954447951,0.20954043621113505,844.1268797403193,2.2331994140546727,0.020460061934508035,3.960510232323145,0.6324637466842186,8.602562224728878
0.45732947542414654,0.1652593427931328,3.176234442046245,0.25236973122526685,1.8584258818172097,820.9881461820995,2.352388282838613,0.04464894796361403,3.7582151649236715,0.6551851045661883,0.5292728284441512
0.9138087780220929,3.2993821109850674,3.0055859068199062,0.19490241691253335,0.5400640217655893,572.0610603819815,2.563109342681698,0.036495455873125984,5.436636663580037,1.7319840919307665,1.0035603096851142
0.5879632389029088,3.980127750725967,2.4939815571130968,0.7716662540133634,0.5848669944917746,494.5447110957106,2.3600911524397343,0.011692239865081897,1.8912054284103204,0.46437383284354955,7.276878110671554
0.42324167733797546,1.3801354563236283,4.852915868192116,0.3063390370908309,0.7562580483670639,503.1780946479625,4.758116913528571,0.016173724800929677,0.9196227684061751,0.318431067658529,9.930810679470413
1.4136786012923226,5.084466765749448,2.792177388420383,1.0479465763621079,0.8701506229170778,367.06129505970307,2.2216402850116723,0.013391598310907225,4.777373965301192,0.7141229977793957,2.1152835776979266
1.1471865973558706,4.43297837410924,1.794693238340983,0.16139343467787665,1.2149626123236796,780.9425051784119,1.076704409582106,0.04571237815315423,4.853656731685051,3.5290888234227813,3.71170133901913
0.6730023804481113,5.8174455488812615,2.963559572513282,0.8729124184322675,0.5118754564194941,653.6467793747838,1.253463921597561,0.01431861314669266,3.7543349966395043,0.23817857729129854,8.112752702905706
0.3518222379299776,0.7837354473435814,4.8638199739458114,0.812513511590536,1.40740196888633,755.6313424356337,1.1674549452263023,0.03966461829608036,0.21591520315760304,0.45514261663082106,4.87736664878819
0.839975022640795,4.930726583801738,4.592843932007169,1.1673238511335216,0.699463474111943,886.531242559248,2.4613959039093563,0.03385291271748648,5.445425251792443,1.8230337376020342,0.477387778277512
1.2711484107556406,0.7812445787207185,4.235086397998196,0.15305489680141077,0.5490106174938261,191.7210932594523,4.898660993405631,0.023495771612821494,3.988448418465138,1.6482118073125243,1.6912905915941487
0.6395230278410213,2.9681334008098488,3.808346436443006,0.3325201048324379,0.5306261225870196,630.3813703158714,3.040599943226444,0.02390166112990301,0.8789411423286788,0.39755770390381756,7.502986285023315
1.1914472546460095,4.689114930571114,3.4224222916340157,0.6468507701850748,0.3837687651053415,469.29626050995824,2.092931715899371,0.016973428722900735,2.8855577829484886,0.8392890229630348,6.192768287229171
1.114978461113068,4.074276292552914,1.3247325201847828,0.09501067871312135,0.47852888460600324,616.1036704370927,1.9056432935150265,0.041364968560992914,3.4922801038148723,1.6994455742153283,0.3576166814491124
1.060872402996947,5.295504780009844,3.8176993838751354,0.9104646979233834,0.5812558399121646,870.4314801397476,3.2450705261621313,0.029191089062362487,4.234346432661241,0.7270980923042915,3.3725013303873173
0.12454796399284374,2.1119638512557874,4.956864857657878,0.7098133043590078,0.709639401403092,739.6677377580196,4.284810152523791,0.0309432620569512,3.3087970188732254,1.726511211289553,6.591484899238155
0.9384810908652991,1.416574158483749,3.0933878892991302,0.29960129162461197,0.5300812195202218,317.4092922436537,3.650349467744399,0.01593120389380721,2.3419946185726377,0.9383558323815498,5.031553388820528
1.2551481498418218,2.6394960695739877,4.013461058595821,0.8576336294949843,1.5720089748062485,689.8455256559477,1.1387581633148895,0.025198340682564147,1.0269657062141895,0.1581306708333572,6.149409493890347
1.0282806229186254,0.5455834922230123,2.8164488914313948,0.2889931716362348,1.224640376103225,28.104806705529995,4.340886655593355,0.019592058859338516,0.3432699094186631,0.3529549297727915,5.750087329922072
2.02275858779063,6.828076715006837,4.972135021628092,1.3282691848340054,0.6140991936242283,994.7781934892371,3.044834618176716,0.02028043962999858,3.4348627781683505,0.061551107493210355,4.335098263315761
0.5766342884630501,0.9329942501050308,4.689656005730842,0.042737366907728336,1.0573152080951678,394.00192579576435,2.925792793636484,0.026538268291287543,0.8767276382546607,1.4102090598029537,7.071539415043694
1.8941727610485324,2.9153847850960948,1.1812081957192557,0.1347793477537701,0.8433789893225054,25.977863884774933,4.556954439854602,0.027173459947555396,2.8142715060547445,2.370687287081459,3.892371619365819
0.8986339932454483,2.42392444792195,3.8694811517106458,0.45704526575660026,1.135641955710786,744.7614059232674,1.3547087285729245,0.050825976075411526,5.911863303816245,1.6466540887887149,0.6052989186348814
0.237035345254904,0.039435095001450815,2.9138996762274196,0.5660675410895757,1.7377929131922074,218.82376690907768,3.495376761165671,0.045990354711823146,2.777126658970877,0.6024489925636991,1.3926621083431954
1.2956836962903848,9.838803289919687,4.251997756135346,1.4607475144005635,0.7990343172644225,910.5350617102044,2.052557023757414,0.03016217651993674,3.647124857338981,0.6930462398041408,8.061636139436809
1.2345177247899604,0.17938826595606105,2.506496388832422,0.4550843594829086,1.6965018960382863,726.6628690367559,1.8860618187131941,0.02459376557080328,5.522410858207975,2.524893746445833,8.695024258609429
0.5718781237457922,0.2581158098678604,2.1842885262738867,0.9192629101331655,1.3502018433953875,82.95248455948627,2.689921247551181,0.015406253100908027,1.240804339974972,0.21148230388851186,0.2914447047615951
1.0747675655578743,3.6298269256908124,2.3278081449302883,0.5051766597517049,1.0549767022187921,821.2501763438354,1.605625447116748,0.04449620593946907,5.136372533601261,2.11461081095056,2.2454386820130234
0.8882126029522421,6.104053688774765,4.288706229228612,1.1284790278391517,0.6454093766949163,534.3642344288248,2.8432649277150652,0.016620174336796564,4.931848926431693,1.8890326411847822,7.9148408858485695
0.9900116600603335,6.163403855469186,3.9153149866467123,1.36079506486153,0.7901126393331978,941.9883199128875,1.3758708823837356,0.024357328961804914,1.239941598385137,1.0900179258431208,7.544995804860409
0.6977210137577465,2.9560140175242586,2.628792720535355,0.664618632049165,0.7732892100086385,634.0334094645032,1.65847761860242,0.02860521715508885,0.7908427595428622,1.0077135257223426,2.6264398953616896
2.041458318579782,6.373004816706748,2.856911970319017,0.42224837300683826,0.46359811973628645,863.8893398074553,3.8855273887297783,0.02345301617513234,2.515097246994461,0.5185902825332342,6.320769660993771
0.9899440961511639,5.147046806655572,4.785092394119168,1.0456890197660436,0.8399503964295397,525.1819686142276,3.953431738404551,0.016489743951512165,0.9777376386878565,0.6872920820118966,6.924235271360392
0.38728918287262226,2.116161382606449,3.2307155615537284,1.1042453568497195,1.439379213094019,774.8324400837589,1.6231481103161405,0.021433560050426403,1.9576460416124497,1.0330733388910942,4.465961163140239
1.8829598802624052,5.821067573393574,3.4167965101686897,0.7182424137792063,0.2858006431141906,675.0537904914761,3.1619755249202246,0.026310349817848796,1.6242771098492852,2.10366573694465,1.7053673208930178
0.6526595755441567,2.3663070017885333,4.0380059637902,0.3442693532381437,0.6140406961885432,523.2251590175455,3.0896802703261503,0.02196538560544105,2.210276740159079,0.7075214912005916,5.755972336673959
1.4246544253858289,8.447627415239047,3.0132360950333377,1.6349181854310928,0.3158788969693318,876.3095140968225,2.940080502955751,0.0144104683482607,4.218979509100718,1.1721179390829328,0.3430742593480023
0.9691527154732293,4.7985191036286565,4.922124705350824,0.4984399442491766,0.4084033776977203,407.4606177616169,4.014032390753487,0.021025688748157936,0.166108985309946,0.33261736649223583,6.4892354734257145
1.940038783394788,6.811725532720248,4.741729253619538,0.9824604202519526,0.6624623804291572,369.66937078684543,4.054220470934397,0.016020440068069783,8.047968834016867,1.741282251686014,4.191078579655537
1.532218392690261,5.807626088807853,2.932126429681736,0.45246567107364993,0.36182063032846234,567.852392568919,2.92419456371853,0.013816325545905853,3.397853911500837,0.28051380820442773,9.608806650093111
1.7146902148536642,2.8162702778344912,2.846478035291473,0.32274336564894623,0.5513129127469292,943.4076052700333,4.391645932662739,0.04604368188613832,3.450494263829812,2.5890860248309746,2.148001174982502
0.3967528047833573,1.3283952268828898,4.146653190881988,0.46670822139178336,1.344097032512368,449.929221957668,1.368967682519194,0.04341847459762076,6.645298636910111,1.310191955621012,4.5379832589500815
2.336862379825771,5.926653428281433,3.119945139727919,0.410322660916378,0.9233702918640686,459.2102149406031,2.313031612163557,0.030928754219234536,4.756389765781102,1.621750682040813,4.5602474463988525
0.35419577633170396,2.116372344699304,2.4475537625935826,0.08383038800587317,0.7401190138917603,424.97569251779606,1.4847673100225887,0.011614037228944687,3.3802670264290993,1.1842927855221748,8.944469555059012
2.877246170112648,5.4179634179615785,2.873181554759057,0.21663565317990596,0.8386024687759077,870.6930102845758,1.9590054002785344,0.03722916182183776,5.882409969231995,6.682073042386394,4.190216735748119
0.2654607999048765,3.0112335873421148,3.1069725558918204,0.7057898791293787,0.8416844690382956,165.04065474564902,2.972783120073518,0.011328063770700149,3.156595974023844,1.0272495592997537,9.2879569189603
1.946062009525062,3.1921342493797322,3.2466334179793397,0.47807376769934606,0.6923317410397171,371.4181300787597,4.5977068559985295,0.025766912775935364,0.768631124703572,1.772724252605614,2.4747430929749883
0.6994519233021903,3.939723173929071,4.917510824744268,1.2013695914459157,1.0745021862946589,667.9361540628554,3.2400604060143525,0.021015857085146295,2.225655250723954,1.388556567686325,9.41331412860173
1.2262808374091398,6.335885558681813,3.8802260168492357,0.9684662563808104,0.3810473090887144,671.6567196183014,4.082163852094702,0.02553669868910598,4.972891852128468,1.5241666052646035,4.021880752710228
0.6878111156609606,2.4135262515678937,4.665638499178963,0.3068666833926791,0.5070339744409956,977.9981041800725,2.6414231657791243,0.03609213721028361,3.380376437801873,1.0584708847958781,3.207107690232927
0.3409670644573435,0.5453937701534639,3.2062471270353394,0.23877535264935534,0.8646165162645394,272.80800919182866,2.981380095899269,0.0353091555458132,1.9149024770264753,1.5492771241952115,7.143227900183122
2.028274854618311,9.398299672000949,3.504543954655457,1.2143433493026208,0.25514739637732764,955.4335609754303,2.9089892850918564,0.01812619500385186,6.135664008492487,1.2486335700973354,7.274007578282067
1.8265227070626382,4.278261828596262,1.7870730696658943,0.038643953615079885,0.8192644466901668,971.3749369488834,1.2853910208261823,0.031527461050196895,4.603956779842649,1.3675518813858853,2.2717357994545937
1.9031442328084651,6.762758755024944,3.226333404733805,0.530527793304023,0.5418839105043101,925.0032241512951,3.5064534042091924,0.03566709988608084,4.818576519219098,3.0580227026328304,7.015775629682168
2.209554950429014,8.35182734396977,3.5996317581544104,1.9061022469280007,0.8495698262979422,504.6681323758817,1.2356731128582246,0.011383130036960676,3.459848942137187,0.50991207241461,9.029646952940553
2.1898755819438653,8.482906977296693,3.5157051911910897,0.6252034802097562,0.36098580958462645,908.1711168347164,1.082515797397187,0.01848177418890906,3.337667736743619,1.634573019411515,3.5377464540609673
2.8986074072015793,7.632864592687659,1.4668895385891472,0.2971663183240769,0.4921313223918914,742.734248310421,1.9973892429716376,0.017852830420746847,3.890426107540306,0.9510529812369943,4.192322225024628
1.2415295367938766,4.581137618595507,3.3153327473643275,0.5529241249445797,0.5599164922679084,567.6324471211155,1.799685318186,0.01854294842988935,0.8174052480084626,0.019257914380731878,7.996822094891796
0.7617086130724149,2.167847266408213,2.850761701947641,0.06056353179634599,1.3994832512495368,304.4938988018751,2.085769903555942,0.028975552569267468,0.3072690127473483,0.05686522832872232,8.372108437637333
1.5291700192923048,3.4917564156437013,2.286637183709531,0.21321079373897234,0.8161487034628997,311.99659897343173,2.6155772692758807,0.028532346319458845,1.8602770397719992,1.7141633887014835,7.7231374842536376
1.8251801669823964,4.911335718679033,2.2267851577659696,0.3929691213617686,0.9245621988401037,64.07898055773092,2.5695125146751168,0.023405958905773263,7.436211185809333,2.120993068902953,1.2124835887261
2.2915188039162295,9.89389383488888,2.1514100276607806,1.4257428242699584,0.29431105413016934,924.8368793964471,2.762523047891926,0.026926341939895484,5.207200197824973,3.5898030249059762,3.8646007684357886
1.743953111073028,5.6071521147739904,4.701596404473671,0.6155795639844502,0.9499817785749377,873.6451531522246,2.4186366610294776,0.03534174433242496,2.1647778912701083,0.47973963276751086,8.223008233906695
1.3106054079485376,3.9081769191200144,3.2256086769369228,0.8880749533244875,0.8643817993479479,882.6335249289102,1.0219351456483554,0.026613347651472358,2.719557031880432,0.99996988937923,1.9772639412668673
1.5946817986559183,7.55710391826902,2.8465720235492236,0.4549679519546668,0.9278087703516718,537.4810592693135,1.19367651191323,0.03681969791109807,4.619702298517517,1.3134056055309644,1.0644434726893257
0.6509085320748801,3.5614534136299074,2.6872938855979145,0.9530493173968144,0.9275040515717212,112.01509725109634,1.757582447269489,0.024434942511119783,9.183930914568432,0.9844544381685051,1.2957002541373965
1.3869834035693283,7.124495656191607,4.885436674994043,1.4251569459669584,1.4604076113037547,940.5351661789618,1.3128157480569906,0.0360879760362002,8.047624535837187,0.7658522270899693,8.189702472789001
3.049442626360877,7.268476835562037,2.8828972724048407,0.6737403636944563,1.4577729368492447,985.0912046304176,1.473822734550256,0.053787746641715,5.208070251142276,1.6827733905665407,0.9136215040213198
0.8361541989771547,7.761760373746274,2.510614088493165,1.3282665977280514,0.22318645401981507,392.40152292417406,2.8307808898629827,0.02010662134854095,3.111611887311282,0.06518734695028106,0.6943294793828207
2.825868137946349,9.936036906507567,1.9441788656650767,1.007082036015277,0.8273885845356822,954.60522573963,1.671160412085868,0.026901401938822064,6.359018927573312,3.0590246925694045,6.6418515795040065
1.7815474368151583,9.027587556200594,3.7498655622972095,1.427315801462043,0.6490023404286752,694.2151072923095,2.8123846562104906,0.019759162662375082,4.924939806156087,2.5573290743127735,6.484245266523785
0.43696595784315173,2.106409064694419,4.056977365811347,0.4177936702077696,0.5603465647922892,653.2137288378048,1.712987612176454,0.020694102782497493,3.7786477535686793,1.1291013345712082,2.6753269733916967
2.8764078663935564,7.851729907700396,2.7646357648037343,0.373115842281123,0.1587259103083053,761.7274683095618,3.0380296826933817,0.011789493456458834,1.6800903533405696,2.4307231184676716,7.852375852890205
2.134872806652365,9.78410210023417,2.7638913484297496,1.0448810204426708,0.4104638564142095,492.9592856254868,2.405476796640506,0.021124941422361338,9.206010777591116,3.409791964858867,8.147729808071098
0.4504865288362221,1.1760100571574341,4.561507301606819,0.22420692287237542,1.4130583088496076,770.3858923652292,1.1384516236327817,0.03170152546104344,1.5272771729608916,0.8783375781440296,2.416114491219025
1.0371504857045313,3.609057260237047,3.189170612254633,0.3828481229795387,0.601708286447536,483.36621369786997,3.3360330467234123,0.016297140176625993,6.362098759757464,1.085631172179796,0.176508968706381
0.9376223326692915,4.095441204812443,4.446959298952564,1.0619658846860403,0.7104618463608802,445.14352596737706,4.910436757012798,0.034809801483774175,1.7999428223785157,0.37236049135258664,8.274699537135788
0.5798367505446819,6.945582867065902,4.153138015167149,2.026155927741211,0.5111864321329207,677.1202051854151,4.542897432595623,0.019582748656411332,2.882417615352632,1.6383154297373734,9.185581477927544
2.2939516112017238,8.211469085604815,2.9245566522827793,0.9454543283582381,0.7337873593494141,527.9557432816719,2.161928877255173,0.0317850170170565,7.889410965529441,1.6777942768650762,6.828237151884342
0.5615586470882616,2.39635229608254,2.9439398951703217,0.6728136695039894,0.32900672791146696,279.60865777024867,4.444317821535044,0.02565314051332196,0.7450891687446104,1.1633888609541612,6.057891910572661
1.4594242843606477,5.253204553750924,3.7384528067850678,1.0326525492141683,1.1555092028760063,456.30918371741643,2.8766166947329186,0.04250724112737561,8.353114202071442,2.3985184037030995,1.3126436898180476
1.9417633476179643,3.875353329025203,3.775450683644098,0.33143277372715724,1.0953121841575924,472.3964504933999,2.882006986689818,0.02300909418859579,8.059542589859465,2.879666019641392,3.3987843379510703
1.9291943608977702,5.045940781759601,1.8668789781724184,0.9984141718242848,0.4805662252448301,647.3575731225244,1.3298257555541704,0.013221521664112012,2.3397478569237102,3.0556866202134874,1.8461428691096113
1.3268458567374728,1.253510414926862,3.0601905990998577,0.164380171463561,1.6823451875903017,514.1043357049998,2.109541290099615,0.054214203883603304,6.800926041919491,2.2470857442353633,4.427919328301936
0.77402793865653,0.9193019086524679,4.402566697424141,0.12414178769873196,1.5885907340608165,589.374890230819,2.2851133644763344,0.049709622338501805,7.313307595325963,2.61119056771168,4.093950712326548
1.2485943877669108,6.02088137875546,3.703137460066274,1.4184498188942811,0.7157536660914603,457.2621714046377,3.3948699733439787,0.017509913768076195,5.857382812650717,0.5459017237225645,5.225191373416226
3.212240144352712,5.982323465098224,2.9191481828294155,0.9008686174391437,0.9280855458620779,996.7333505743263,2.40340806551633,0.027941727646303052,7.360251539463762,4.246501489275736,9.0989974788808
2.562247016222256,8.416853595901376,1.610177531075006,0.864722964424298,1.3173878854215673,454.534236694769,1.6235786479803065,0.04209222485845921,8.47421485495077,2.933803357616755,1.1293468320393876
1.9746989467118166,9.26765783518626,3.903672868981158,0.8580656023099881,0.6365732329002624,446.471843449743,1.9676227985756134,0.010155057086283753,2.144335009613006,0.5709899856258895,7.193294622660263
1.2601941436521074,5.684890567039764,3.34710554396124,0.8642572600585656,0.8478948398387705,386.9061431173227,2.376601729640702,0.03368392260975474,8.296603092507318,3.638215066910604,8.122644474242822
2.3807187592755183,8.388036806288653,1.9024790769406184,0.8150216598244482,0.4227824358789304,750.8460216073319,2.128485280722697,0.012300713798089688,6.430158629857237,4.584276884369373,9.779264779921604
1.8321977414574364,4.458938890872208,3.291311283239226,0.1704780541415959,0.930977555647005,376.51029140901164,4.1626454761300575,0.015972599754908536,1.2287965384298656,3.3965623960678766,7.842856307562354
3.5588673674208606,9.935991086458529,2.890735852874784,1.9149989637312541,1.3859135329657248,807.6662698646038,1.1097300260735503,0.037188972428908854,5.82675368988097,1.1455902713805937,3.2889342646396296
2.3967576565683455,7.0843164531363705,2.3345000800755447,0.4701672917657209,0.7995681073815049,257.11752565742046,2.6407178285443997,0.02068347295602555,5.427191239531149,2.7298177476586876,3.4681110379157083
1.4819334498838725,6.036151866848476,3.6723239044487643,0.4086469256600643,1.0339135444332201,66.60337126150944,3.7446160524147234,0.027849465211678914,3.8138797308082024,2.5526112374901277,7.142150533496817
2.0148858913591874,5.3624773099217,4.66730663261744,0.7580095385259175,1.0181140230726062,600.3468136465837,3.0351091656082265,0.03923862231481989,7.894951410652813,1.1099860798751315,5.131974597695971
1.4965422025654316,1.2033338844233423,4.050620889592103,0.7980370804800168,1.7097926195775601,204.76930723022798,2.9236966257043444,0.02346361015580161,4.454638827430563,1.0729259684895518,8.967661862471438
1.0454871446727183,4.167046953933554,4.673376550560819,1.008445579618456,1.083335706970245,690.0444419869624,2.813262070611779,0.03471192972454385,3.232591889618741,0.31087532027200604,0.7576269521129264
1.1021569310150414,6.1597006398891985,1.8118658369839202,1.044672958353976,0.9890634209206067,627.2322567805188,1.311338504120341,0.013577612183121883,0.5197190178756288,0.703806113183316,7.8017010766660295
1.0854895275289247,1.9586320973075182,3.6387257258815424,0.34635682568225934,1.2108929842354474,651.1014996676845,2.775596079085563,0.03211280157702987,6.726958865833637,3.0030925250831437,5.563576245023194
1.013898152315223,4.325642350427833,4.206995463533118,0.561155620130554,0.6577055058803265,793.0214481750725,4.157846923879422,0.025244944976752264,6.640616407088807,3.1714856389449344,5.37586052159036
1.7471378149456311,6.54874290327299,3.052260050048087,0.37902932605211204,0.4126421755988639,474.18457317606396,1.874271039365379,0.018434272794392824,3.600871952140572,2.5654624647547664,3.2761543092971097
1.704174591458808,7.4469060123392925,2.54517140020983,0.7756313409908968,0.7090099516078956,283.03503392242965,3.2998177559795714,0.013117037703560083,5.8025274175528025,1.2154192413419973,7.0348255872771395
2.523914089104391,8.783444696413154,3.9061762672783673,1.2337553201829357,0.8154418897232493,819.1559459052824,2.326290550074174,0.029599484272214892,9.412266593444834,0.7509424905046567,0.8666688145591683
1.3170494302617952,5.931384751990474,3.4816870397900668,0.3257829961461631,1.2299440941703035,955.2463377845195,1.5870201149477732,0.026273826304175053,8.20834698622649,3.862158727505366,5.008885960307154
0.47242675182458593,3.0978605763618767,3.2807783845995626,0.6586678259032962,1.8349278640198259,490.7680668579571,1.4324197506305434,0.04360442776286917,6.125415077044485,2.9107943002763017,7.8558629583777435
3.011833172446069,8.322315227475245,2.0128882615535315,0.7926937749118383,0.8914423902236857,837.8127677082688,1.4695691849714327,0.045842453579452505,8.942579905023049,0.20767891515013548,7.065363713002646
3.054654123737597,8.188337440680096,1.679635983293026,1.328670952882919,0.6638038756752295,271.67049521776835,2.5811029868128,0.010533213970622572,4.7671620069192775,2.2712746850202747,9.076933212160867
0.898626357591599,0.6286847236759385,3.053737635082771,0.5782621747878326,1.2642866906807648,494.4043959843977,1.8345035346662901,0.04755819509625105,4.7901036840282085,1.4980605079289118,2.2052103923457165
1.4008117736567824,6.940842906705362,3.869841940000819,1.0648979084284236,0.7664069595222525,847.5111343635051,4.061370158462627,0.030446191963855635,9.202824025535131,0.8828459901002272,8.115495014687687
2.8173786623662567,6.033696119269942,3.4994200137272125,0.51992632546248,0.8222709604284417,825.9846324443574,1.8537945342872932,0.03504463288361401,2.523324963693125,2.020216622791209,3.24293912741477
0.835369115932948,1.3078737513133003,2.568143308956655,0.055304485359161104,1.1946448356456167,741.6262709291925,1.4397306706760833,0.036490775809070064,7.782699114651246,5.763961064549933,7.301075260945422
1.718881756875732,4.294553059702071,2.4944911024670278,0.27264086957526346,0.9100056512692174,529.0429259920968,1.5726468844705401,0.04402006214792116,7.429092176442632,2.326256206759637,5.623088690237869
2.028106742092036,6.067021677358046,1.6831849013661895,1.1286684927292614,1.0582792814235704,365.95962721960814,1.9163134292250874,0.046000318510445046,2.6705366520557594,1.7861320310179654,6.082923891313709
3.209943987618269,7.910123677392075,1.2380550215841621,1.0307470962457792,2.161081344447151,203.0803585089269,1.5526139406966102,0.038121011609531026,7.364964645727211,2.8628710232459813,6.963611701172404
2.1618259550245584,9.322970906023812,3.956983260005619,1.09610144361155,0.4369267278689713,366.258560548289,4.442685926970778,0.01745986100260234,5.412269737612772,3.0563070346239885,4.184432344301181
1.8826277251221657,3.0756246872014685,3.063535221603788,1.2700661170368173,1.6771892435130322,311.14457087149435,1.9887969630509992,0.03167013765933361,5.281433922126939,0.8147411165851492,7.850324462335228
3.320316225677749,9.681031481740648,3.3369494494142273,0.3877774774963104,0.8863544688065256,134.10323989644257,3.244444054659704,0.01650513027609391,0.8415570590202046,0.28322488554820935,8.32510139728675
2.1955160415928408,3.6308346867489867,3.6241907686479546,0.14995462758408495,0.8362098938665,132.70468840751573,3.0482221343878906,0.01951826792263446,6.19151892705473,1.535750688096148,3.6484934532591984
4.52038739490751,8.464937095036149,1.0915908068612001,0.7162650376492996,1.0867220057726945,687.4551193904623,1.5580483309112534,0.011617613971259372,5.459117811587449,5.046455074421953,3.225173572578266
0.6546023826559294,5.769913432395729,4.006860694230898,0.9678990684329368,0.37896736203739095,349.8838900687936,3.0335468657399995,0.024110577536317998,3.0496094565925462,2.646761200652709,3.4404425283135263
0.29696690961104966,1.6061330750970777,4.876886867797536,0.5145469479459363,1.2917638687573767,435.9276986013196,4.894441803272295,0.026194559926489374,0.7899542908816519,0.46012366104729585,7.51011232006922
0.5150756244382964,2.5067788325046187,3.7264965330600415,2.3718946429927747,1.2155477872640428,520.2163165724417,2.348325428685152,0.0200288103661547,1.1652258898831906,0.7679940642027796,9.86959718815198
1.7719456266681546,9.39911432554359,2.593787744913171,1.4592439685768355,0.2603670863043954,483.74045292738356,3.163175648384968,0.01411667724930392,6.099424475132818,1.4479198352240803,8.090928568676377
1.6504511153639327,2.4195258647325164,3.2385399218602715,0.3976665205492535,0.6899848770535231,762.1457027738868,3.403920124668356,0.03339499187318449,6.0345007965676585,2.9049142430276884,2.219269389090789
1.5356003374855156,8.484227440824682,2.8903055679256404,1.1978154620203425,0.48832733459546535,183.72899323908632,2.711125485419286,0.033639443363365044,5.894156384417461,2.1031371324062182,2.8224778118801788
2.8821753132576347,9.528425611189341,2.3843225724640877,0.34809540449503223,0.7607534278108631,662.7633779301073,1.6678535925564175,0.031977209339179934,8.12694008488725,1.4522895046118376,1.5948258750506263
1.0295844345147482,4.475472176496509,3.678467362613235,1.2307308516890858,0.6666308069198505,802.9034345282931,3.128577334673462,0.021181666246832962,7.4189010466846685,1.0398343670814507,6.85515410196979
2.7135945342006487,5.908408351262376,3.775195730289897,1.3965921546356446,1.1497748697286798,996.4562977008546,2.621805314770787,0.05902561394250745,9.480236409584677,3.766140558467189,5.745942629253379
1.5260407418655089,5.387613971058545,4.821554595492136,0.8810774510229513,1.4219458989350386,928.1636833736345,2.0524854162566086,0.014148346535496991,4.092398102496296,0.20709357822375796,2.354960282843299
1.9554208261089339,4.239408846280971,4.335327788167043,0.6812163416938077,0.5069427009471505,324.2080297223158,4.15488793665711,0.02708784082122255,4.569518533215671,1.750349613562428,8.762154525151507
0.9672597047859809,4.329619966732027,3.7882724037367903,1.7001084708198269,0.8547591086846491,976.5933510009236,1.8704331925283735,0.031781341639353665,4.455824068371194,1.9010643014667181,6.500361118846062
1.7895393182974744,8.555002431937444,3.082435195377596,2.3256609271738093,1.3038009837449835,266.4153012231619,1.9542066787264374,0.033154017835909134,5.956527532976294,0.1401965321571419,6.703578751689786
1.2128595602622734,5.25811928811896,4.165811779965143,0.9993548690530387,1.066867652083311,513.3677699429072,3.462188625628459,0.027221601190717145,3.7248102074882357,0.8406533225988686,6.367052092897434
2.0299688932722844,4.879530524307924,3.094559237835851,1.3066582958275221,0.7804452025507792,803.9370204622861,1.7533456550990336,0.02798496329284504,5.301550957825772,0.08306820919613722,8.579991521810257
1.8451367192273698,6.994960505552621,4.935391318166342,0.9076958588573198,1.0017750119276472,483.8011446674735,2.8426137755512824,0.02416892565331632,0.6920504664561049,1.706624682120158,8.338466322236927
1.954443284338586,7.551523864334644,4.606715053721242,1.4124901840906328,0.8125203522442045,599.4903330216949,3.8696594227770076,0.011308161974243195,4.926098000522635,1.7592630547884247,6.040799719231985
0.6181519796198927,7.225101303412395,3.3559030622715325,1.5263303494687812,0.424221048871428,498.61561546621357,4.437776594229439,0.023236012197280036,0.5873625202796795,0.8122383590421582,9.23606482174892
1.4614532694688351,6.739660022519918,4.753495283292131,0.8706969544418831,0.3632048778781365,350.1907499769152,4.269656442893151,0.0194363421402222,8.28876672733223,0.6142462825618311,6.050662403669762
1.481423856985609,7.44919671144918,1.1685369903933545,0.6569436947032642,0.2542097157495943,244.92777278631098,1.6655939684519327,0.010833990962867208,4.28032384501373,3.860768286652005,8.228457943353526
1.8013082512033904,7.3146788189546985,3.179986713770009,1.1947852235853866,1.2012268197085314,649.1773000668747,1.3133149018808636,0.027820275006247213,3.0439991700332154,1.6490639491031076,2.8018055429033173
0.38999597265452524,1.4957161148764713,3.538828256705721,0.4339846637001687,1.1184878116425545,418.45212170579,2.278565445585496,0.032827845761022725,3.1239807595930245,0.7374084966997434,1.162649709541153
2.0300890146183437,5.033038318816824,2.752302425204651,0.09623873607049271,0.9705060073004933,466.78598186221166,2.0738919079338607,0.031112489045581206,7.243958858686595,1.306765551863352,4.393557802733779
1.7301082248538118,3.856203012618587,1.5910809962977066,0.7218803030711949,0.9724092350153707,792.918637778783,1.5731540601346234,0.020178003000752995,6.438260606432866,3.797330854193356,2.1458277684612317
3.309661744818695,6.91214248464758,3.610868691025295,0.8803389006597419,1.067585438454733,650.4602084789201,1.3441975351963782,0.027993385689725474,9.155596803220854,2.068063404937828,7.240228050189836
1.2427519671870038,4.544275294821429,3.8907277883073257,0.4654399597658372,0.43815327547805205,263.0438776121582,4.590429248113663,0.03627713163806627,7.709142940840195,3.8982759112284904,1.6707320313078422
1.9028040282760517,2.003696360871285,1.7701963320443885,0.7789646686155001,1.576238544436819,648.393894256645,1.3267492530629914,0.03514675687250329,4.799452011828586,1.5503140531322124,3.5451527973304198
3.0558031436486592,9.231664827522657,1.6862681381077687,1.2916233669674764,1.4574858870652605,13.860637800635686,3.4841088310057193,0.01030419422664014,5.589592699119777,3.08294216062761,8.269196297378825
2.281938826933419,5.288767140084685,3.613067875142362,0.5472264050314464,1.2649604325737662,46.6853510134074,2.391850007729485,0.02009733637946711,6.907148237172316,1.715917119594273,8.468709027692396
1.5358774666160262,7.019997063974154,3.7219740460887807,0.631236657997816,0.37398164446451276,101.38266195979185,4.944854015263097,0.016622121359699597,9.102623298100582,2.2597874820654678,3.8630225443232113
0.9359234113540145,0.8035964447446409,3.9583639808593243,0.8500072752974386,1.312813378390356,632.0660137471476,4.5418144617452265,0.047379353028704566,8.121432743057712,3.0499007565220646,8.937236648903209
0.9747952772305599,8.678466721593436,4.063694727318326,1.0221187682886606,1.1064915272082603,380.258173113126,2.019368576698059,0.021208934204532313,4.1907168203241065,0.017757807627488464,0.6184158155725736
1.1978670789976285,4.488424630239802,3.162134245401509,0.8453415582194124,0.4784475496564227,971.7663817226862,2.538156217586855,0.018054210232025816,1.2942117622189877,4.502942641153502,9.499637475867615
1.7823751807334318,7.234348169928114,3.816071335873851,1.829508410766667,0.8030888536852542,797.5964852382284,2.4751677541674146,0.021784828450217224,1.3527267848374707,0.3032800426994273,4.317399354716944
0.4953915604950183,1.3810932291785667,2.6482444563108585,0.7064898861555702,0.7492163222161665,584.5503428096204,2.101409726895217,0.02997831299535878,2.6486811195666577,0.41666305374717694,3.2405915939259993
1.5119934464345448,5.348669474633464,1.7745349278017761,0.028819290625200722,1.129788982887517,6.42803434722714,3.51276250888654,0.020779613520713974,1.7412436530425088,3.279580735245017,9.860059818624357
2.0686539318311676,2.7334460060571764,2.5433657696627727,0.8182513597626039,1.011796361627502,645.3033663689456,1.2846508075189094,0.04369977623309865,3.0390105091706667,1.601787558525885,1.7664784861598228
1.2168279450993418,9.13434670315249,4.337368278646083,1.2506861941785654,0.5375479034431452,444.55445829638484,3.4987784799790616,0.01833098643223027,4.180177740597829,3.354450883269375,6.493331275300822
1.5353511561237676,1.9893161497185181,1.410121953288593,0.45499399828086523,1.2108568444151395,14.948407741115602,3.1589900736273626,0.03791186381072876,6.532096563932726,3.2214950782628815,4.736989980821223
2.566081564285365,5.627296254465975,4.938256219759968,1.82247083143596,1.410769972292971,908.2753223880914,2.6638953063039357,0.04561320397120232,4.241247845912828,1.2654775802363822,8.234851596995988
1.7382547531428012,6.004131966045331,3.5931871919575045,0.5517536679634372,0.5807153000861427,673.5785692812692,3.248685360269398,0.03778040953252347,0.5457547372415119,1.385751822127204,1.7257994173117908
2.5442358203399853,5.148435850903152,2.8582100725802646,0.01631174532969837,0.9745797631091772,438.69130668629373,2.5728858632152454,0.022388513833576214,4.8307736571122595,4.806571235345634,7.060628121267371
2.8491238920081035,7.692023223968457,2.578447235715909,0.2772616069772976,0.3473282272450563,705.6746824351738,1.483919560892525,0.02928026384975044,7.148935240333426,4.442242163191839,0.6464957287151867
2.4356409245941224,5.639284043603648,3.4242583316855626,0.8352539114623594,1.55430739792931,42.507645569653846,3.527227554052916,0.02267602602779078,7.3307688460190095,2.485294120579216,4.14351630172146
2.984356212399706,7.106548731691123,4.170059419723371,1.2056519934289935,1.2674202895969473,508.0977281364432,3.745972888527013,0.025301430685697564,7.896115402882155,1.6121613733794407,8.217102092453239
1.893336948004467,1.713173211114872,3.9100859040832563,0.5737779018106957,1.867702697480961,781.3648748145824,2.017373031130855,0.037928430232008654,9.351333711422622,2.9392692089422754,8.207889291652121
3.558691658942683,7.50521207115997,2.302124393952033,1.0225058212964047,1.158984112701559,572.1101530419066,1.0256343884055998,0.029555018957848518,7.064570967940442,2.3585232333272153,4.952647004047234
3.3056651321256445,7.024492115890323,1.5924552609419973,0.782093937461402,1.0326872190434673,647.7160052040149,1.8104849526916051,0.029032634634849917,7.203045194662469,4.6283605683346885,4.055291968634881
1.7046381573532527,6.040897780046271,3.4637309996287295,1.1207835701165039,1.3017973517709862,711.7718370886325,1.1245172163132728,0.01999540003707001,3.848539048302836,3.964264390845126,3.5767268960159697
1.6400625043246924,6.229339703329912,3.6081385939096595,1.1753716130672727,1.2624345406763335,451.41613571531406,2.2406156522594545,0.046711878438620555,5.358184245393451,0.790536367497291,1.6436061861190328
1.835465872844306,5.506586024646311,3.7614030459300785,2.159974972868403,1.268824239232768,477.73604550834364,1.4395707293005253,0.04795977095697863,5.049444271037973,1.2692737604764959,8.687075862706415
1.5277435892522597,7.600660763455705,4.776454382337324,1.0359705098412428,1.3184231424665442,584.8463490409708,2.1170072442498964,0.03504057509146486,8.575440457556212,0.34403198688717773,2.5477552962582535
2.5762297831932424,9.467564457032225,3.564998529651873,1.403314460433929,0.49042674684798027,807.0928975313439,2.6651664200072225,0.02139522182457712,7.6353212044490455,2.6543909788796496,5.516577569078996